token_id,piece,is_word_start,mean_nll,count,byte_length,is_punct,is_digit,is_uppercase
0,<pad>,0,0.000000,0,0,0,0,0
1,<s>,0,2.860357,5250,0,0,0,0
2,</s>,0,0.000000,0,0,0,0,0
3,<unk>,0,0.000000,0,0,0,0,0
4,<0x00>,0,0.000000,0,1,0,0,0
5,<0x01>,0,0.000000,0,1,0,0,0
6,<0x02>,0,0.000000,0,1,0,0,0
7,<0x03>,0,0.000000,0,1,0,0,0
8,<0x04>,0,0.000000,0,1,0,0,0
9,<0x05>,0,0.000000,0,1,0,0,0
10,<0x06>,0,0.000000,0,1,0,0,0
11,<0x07>,0,0.000000,0,1,0,0,0
12,<0x08>,0,0.000000,0,1,0,0,0
13,<0x09>,0,0.000000,0,1,0,0,0
14,<0x0A>,0,0.000000,0,1,0,0,0
15,<0x0B>,0,0.000000,0,1,0,0,0
16,<0x0C>,0,0.000000,0,1,0,0,0
17,<0x0D>,0,0.000000,0,1,0,0,0
18,<0x0E>,0,0.000000,0,1,0,0,0
19,<0x0F>,0,0.000000,0,1,0,0,0
20,<0x10>,0,0.000000,0,1,0,0,0
21,<0x11>,0,0.000000,0,1,0,0,0
22,<0x12>,0,0.000000,0,1,0,0,0
23,<0x13>,0,0.000000,0,1,0,0,0
24,<0x14>,0,0.000000,0,1,0,0,0
25,<0x15>,0,0.000000,0,1,0,0,0
26,<0x16>,0,0.000000,0,1,0,0,0
27,<0x17>,0,0.000000,0,1,0,0,0
28,<0x18>,0,0.000000,0,1,0,0,0
29,<0x19>,0,0.000000,0,1,0,0,0
30,<0x1A>,0,0.000000,0,1,0,0,0
31,<0x1B>,0,0.000000,0,1,0,0,0
32,<0x1C>,0,0.000000,0,1,0,0,0
33,<0x1D>,0,0.000000,0,1,0,0,0
34,<0x1E>,0,0.000000,0,1,0,0,0
35,<0x1F>,0,0.000000,0,1,0,0,0
36,<0x20>,0,0.000000,0,1,0,0,0
37,<0x21>,0,0.000000,0,1,0,0,0
38,<0x22>,0,0.000000,0,1,0,0,0
39,<0x23>,0,2.121116,674,1,0,0,0
40,<0x24>,0,0.000000,0,1,0,0,0
41,<0x25>,0,0.000000,0,1,0,0,0
42,<0x26>,0,0.000000,0,1,0,0,0
43,<0x27>,0,0.000000,0,1,0,0,0
44,<0x28>,0,0.000000,0,1,0,0,0
45,<0x29>,0,0.000000,0,1,0,0,0
46,<0x2A>,0,0.000000,0,1,0,0,0
47,<0x2B>,0,3.181234,590,1,0,0,0
48,<0x2C>,0,0.000000,0,1,0,0,0
49,<0x2D>,0,0.000000,0,1,0,0,0
50,<0x2E>,0,0.000000,0,1,0,0,0
51,<0x2F>,0,0.000000,0,1,0,0,0
52,<0x30>,0,0.000000,0,1,0,0,0
53,<0x31>,0,0.000000,0,1,0,0,0
54,<0x32>,0,0.000000,0,1,0,0,0
55,<0x33>,0,0.000000,0,1,0,0,0
56,<0x34>,0,0.000000,0,1,0,0,0
57,<0x35>,0,0.000000,0,1,0,0,0
58,<0x36>,0,0.000000,0,1,0,0,0
59,<0x37>,0,0.000000,0,1,0,0,0
60,<0x38>,0,0.000000,0,1,0,0,0
61,<0x39>,0,0.000000,0,1,0,0,0
62,<0x3A>,0,0.000000,0,1,0,0,0
63,<0x3B>,0,0.000000,0,1,0,0,0
64,<0x3C>,0,3.360952,271,1,0,0,0
65,<0x3D>,0,1.751264,586,1,0,0,0
66,<0x3E>,0,1.554236,790,1,0,0,0
67,<0x3F>,0,0.000000,0,1,0,0,0
68,<0x40>,0,1.326848,588,1,0,0,0
69,<0x41>,0,0.000000,0,1,0,0,0
70,<0x42>,0,0.000000,0,1,0,0,0
71,<0x43>,0,0.000000,0,1,0,0,0
72,<0x44>,0,0.000000,0,1,0,0,0
73,<0x45>,0,0.000000,0,1,0,0,0
74,<0x46>,0,0.000000,0,1,0,0,0
75,<0x47>,0,0.000000,0,1,0,0,0
76,<0x48>,0,0.000000,0,1,0,0,0
77,<0x49>,0,0.000000,0,1,0,0,0
78,<0x4A>,0,0.000000,0,1,0,0,0
79,<0x4B>,0,0.000000,0,1,0,0,0
80,<0x4C>,0,0.000000,0,1,0,0,0
81,<0x4D>,0,0.000000,0,1,0,0,0
82,<0x4E>,0,0.000000,0,1,0,0,0
83,<0x4F>,0,0.000000,0,1,0,0,0
84,<0x50>,0,0.000000,0,1,0,0,0
85,<0x51>,0,0.000000,0,1,0,0,0
86,<0x52>,0,0.000000,0,1,0,0,0
87,<0x53>,0,0.000000,0,1,0,0,0
88,<0x54>,0,0.000000,0,1,0,0,0
89,<0x55>,0,0.000000,0,1,0,0,0
90,<0x56>,0,0.000000,0,1,0,0,0
91,<0x57>,0,0.000000,0,1,0,0,0
92,<0x58>,0,0.000000,0,1,0,0,0
93,<0x59>,0,0.000000,0,1,0,0,0
94,<0x5A>,0,0.000000,0,1,0,0,0
95,<0x5B>,0,2.366539,1286,1,0,0,0
96,<0x5C>,0,3.313687,146,1,0,0,0
97,<0x5D>,0,0.748129,1295,1,0,0,0
98,<0x5E>,0,4.464702,96,1,0,0,0
99,<0x5F>,0,2.065126,743,1,0,0,0
100,<0x60>,0,2.331358,203,1,0,0,0
101,<0x61>,0,0.000000,0,1,0,0,0
102,<0x62>,0,0.000000,0,1,0,0,0
103,<0x63>,0,0.000000,0,1,0,0,0
104,<0x64>,0,0.000000,0,1,0,0,0
105,<0x65>,0,0.000000,0,1,0,0,0
106,<0x66>,0,0.000000,0,1,0,0,0
107,<0x67>,0,0.000000,0,1,0,0,0
108,<0x68>,0,0.000000,0,1,0,0,0
109,<0x69>,0,0.000000,0,1,0,0,0
110,<0x6A>,0,0.000000,0,1,0,0,0
111,<0x6B>,0,0.000000,0,1,0,0,0
112,<0x6C>,0,0.000000,0,1,0,0,0
113,<0x6D>,0,0.000000,0,1,0,0,0
114,<0x6E>,0,0.000000,0,1,0,0,0
115,<0x6F>,0,0.000000,0,1,0,0,0
116,<0x70>,0,0.000000,0,1,0,0,0
117,<0x71>,0,0.000000,0,1,0,0,0
118,<0x72>,0,0.000000,0,1,0,0,0
119,<0x73>,0,0.000000,0,1,0,0,0
120,<0x74>,0,0.000000,0,1,0,0,0
121,<0x75>,0,0.000000,0,1,0,0,0
122,<0x76>,0,0.000000,0,1,0,0,0
123,<0x77>,0,0.000000,0,1,0,0,0
124,<0x78>,0,0.000000,0,1,0,0,0
125,<0x79>,0,0.000000,0,1,0,0,0
126,<0x7A>,0,0.000000,0,1,0,0,0
127,<0x7B>,0,0.000000,0,1,0,0,0
128,<0x7C>,0,0.000000,0,1,0,0,0
129,<0x7D>,0,1.446403,100,1,0,0,0
130,<0x7E>,0,5.481378,101,1,0,0,0
131,<0x7F>,0,0.000000,0,1,0,0,0
132,<0x80>,0,0.084127,1404,1,0,0,0
133,<0x81>,0,0.366323,204,1,0,0,0
134,<0x82>,0,0.493634,281,1,0,0,0
135,<0x83>,0,2.237020,41,1,0,0,0
136,<0x84>,0,0.942578,91,1,0,0,0
137,<0x85>,0,2.734071,6,1,0,0,0
138,<0x86>,0,1.136081,80,1,0,0,0
139,<0x87>,0,0.579813,62,1,0,0,0
140,<0x88>,0,1.385066,70,1,0,0,0
141,<0x89>,0,1.975454,24,1,0,0,0
142,<0x8A>,0,1.708600,10,1,0,0,0
143,<0x8B>,0,1.981325,17,1,0,0,0
144,<0x8C>,0,2.025863,25,1,0,0,0
145,<0x8D>,0,1.639026,20,1,0,0,0
146,<0x8E>,0,4.129366,8,1,0,0,0
147,<0x8F>,0,2.437045,16,1,0,0,0
148,<0x90>,0,2.345131,18,1,0,0,0
149,<0x91>,0,1.610818,16,1,0,0,0
150,<0x92>,0,0.339622,91,1,0,0,0
151,<0x93>,0,2.068838,20,1,0,0,0
152,<0x94>,0,2.562485,9,1,0,0,0
153,<0x95>,0,1.945677,24,1,0,0,0
154,<0x96>,0,1.340967,36,1,0,0,0
155,<0x97>,0,1.359758,22,1,0,0,0
156,<0x98>,0,0.108532,748,1,0,0,0
157,<0x99>,0,1.053478,31,1,0,0,0
158,<0x9A>,0,0.842542,41,1,0,0,0
159,<0x9B>,0,0.682723,61,1,0,0,0
160,<0x9C>,0,2.552145,14,1,0,0,0
161,<0x9D>,0,1.554465,20,1,0,0,0
162,<0x9E>,0,1.911918,30,1,0,0,0
163,<0x9F>,0,0.825533,21,1,0,0,0
164,<0xA0>,0,1.005611,63,1,0,0,0
165,<0xA1>,0,1.289655,68,1,0,0,0
166,<0xA2>,0,0.163940,647,1,0,0,0
167,<0xA3>,0,0.222549,261,1,0,0,0
168,<0xA4>,0,1.425403,43,1,0,0,0
169,<0xA5>,0,1.113457,57,1,0,0,0
170,<0xA6>,0,1.883020,22,1,0,0,0
171,<0xA7>,0,0.563233,102,1,0,0,0
172,<0xA8>,0,1.229360,49,1,0,0,0
173,<0xA9>,0,0.328436,749,1,0,0,0
174,<0xAA>,0,2.602971,27,1,0,0,0
175,<0xAB>,0,0.948404,74,1,0,0,0
176,<0xAC>,0,0.225997,164,1,0,0,0
177,<0xAD>,0,0.837093,117,1,0,0,0
178,<0xAE>,0,0.291464,233,1,0,0,0
179,<0xAF>,0,1.429346,14,1,0,0,0
180,<0xB0>,0,0.500362,148,1,0,0,0
181,<0xB1>,0,0.911543,95,1,0,0,0
182,<0xB2>,0,0.708986,87,1,0,0,0
183,<0xB3>,0,1.515372,45,1,0,0,0
184,<0xB4>,0,2.547761,21,1,0,0,0
185,<0xB5>,0,1.721122,29,1,0,0,0
186,<0xB6>,0,1.209347,115,1,0,0,0
187,<0xB7>,0,0.697995,122,1,0,0,0
188,<0xB8>,0,0.922040,119,1,0,0,0
189,<0xB9>,0,0.287354,144,1,0,0,0
190,<0xBA>,0,1.450673,48,1,0,0,0
191,<0xBB>,0,0.745125,232,1,0,0,0
192,<0xBC>,0,1.129034,114,1,0,0,0
193,<0xBD>,0,2.870300,35,1,0,0,0
194,<0xBE>,0,2.331248,29,1,0,0,0
195,<0xBF>,0,3.124764,18,1,0,0,0
196,<0xC0>,0,0.000000,0,1,0,0,0
197,<0xC1>,0,0.000000,0,1,0,0,0
198,<0xC2>,0,2.052265,1309,1,0,0,0
199,<0xC3>,0,2.480233,1446,1,0,0,0
200,<0xC4>,0,3.740954,136,1,0,0,0
201,<0xC5>,0,3.568239,132,1,0,0,0
202,<0xC6>,0,7.194108,1,1,0,0,0
203,<0xC7>,0,7.712887,1,1,0,0,0
204,<0xC8>,0,0.000000,0,1,0,0,0
205,<0xC9>,0,3.066485,4,1,0,0,0
206,<0xCA>,0,8.839813,6,1,0,0,0
207,<0xCB>,0,3.720412,6,1,0,0,0
208,<0xCC>,0,2.697066,68,1,0,0,0
209,<0xCD>,0,0.000000,0,1,0,0,0
210,<0xCE>,0,2.569301,71,1,0,0,0
211,<0xCF>,0,4.936854,16,1,0,0,0
212,<0xD0>,0,0.636273,175,1,0,0,0
213,<0xD1>,0,1.591306,84,1,0,0,0
214,<0xD2>,0,0.000000,0,1,0,0,0
215,<0xD3>,0,0.000000,0,1,0,0,0
216,<0xD4>,0,0.000000,0,1,0,0,0
217,<0xD5>,0,0.000000,0,1,0,0,0
218,<0xD6>,0,0.000000,0,1,0,0,0
219,<0xD7>,0,1.205068,5,1,0,0,0
220,<0xD8>,0,0.000000,0,1,0,0,0
221,<0xD9>,0,0.000000,0,1,0,0,0
222,<0xDA>,0,0.000000,0,1,0,0,0
223,<0xDB>,0,0.000000,0,1,0,0,0
224,<0xDC>,0,0.000000,0,1,0,0,0
225,<0xDD>,0,0.000000,0,1,0,0,0
226,<0xDE>,0,0.000000,0,1,0,0,0
227,<0xDF>,0,0.000000,0,1,0,0,0
228,<0xE0>,0,0.000000,0,1,0,0,0
229,<0xE1>,0,0.964075,141,1,0,0,0
230,<0xE2>,0,1.694765,1790,1,0,0,0
231,<0xE3>,0,2.004745,43,1,0,0,0
232,<0xE4>,0,4.357015,6,1,0,0,0
233,<0xE5>,0,2.004845,26,1,0,0,0
234,<0xE6>,0,2.802806,17,1,0,0,0
235,<0xE7>,0,2.835144,10,1,0,0,0
236,<0xE8>,0,4.254056,14,1,0,0,0
237,<0xE9>,0,3.093921,10,1,0,0,0
238,<0xEA>,0,2.542246,8,1,0,0,0
239,<0xEB>,0,4.365883,11,1,0,0,0
240,<0xEC>,0,2.157423,14,1,0,0,0
241,<0xED>,0,2.709239,3,1,0,0,0
242,<0xEE>,0,0.000000,0,1,0,0,0
243,<0xEF>,0,0.000000,0,1,0,0,0
244,<0xF0>,0,8.597006,2,1,0,0,0
245,<0xF1>,0,0.000000,0,1,0,0,0
246,<0xF2>,0,0.000000,0,1,0,0,0
247,<0xF3>,0,0.000000,0,1,0,0,0
248,<0xF4>,0,0.000000,0,1,0,0,0
249,<0xF5>,0,0.000000,0,1,0,0,0
250,<0xF6>,0,0.000000,0,1,0,0,0
251,<0xF7>,0,0.000000,0,1,0,0,0
252,<0xF8>,0,0.000000,0,1,0,0,0
253,<0xF9>,0,0.000000,0,1,0,0,0
254,<0xFA>,0,0.000000,0,1,0,0,0
255,<0xFB>,0,0.000000,0,1,0,0,0
256,<0xFC>,0,0.000000,0,1,0,0,0
257,<0xFD>,0,0.000000,0,1,0,0,0
258,<0xFE>,0,0.000000,0,1,0,0,0
259,<0xFF>,0,0.000000,0,1,0,0,0
260,▁t,1,3.662350,23199,4,0,0,0
261,▁a,1,2.365412,64878,4,0,0,0
262,in,0,0.928267,32246,2,0,0,0
263,he,0,1.196428,8921,2,0,0,0
264,re,0,1.275198,26773,2,0,0,0
265,on,0,0.930051,23695,2,0,0,0
266,er,0,0.718214,47000,2,0,0,0
267,▁the,1,1.571184,126496,6,0,0,0
268,▁s,1,3.206625,42699,4,0,0,0
269,▁w,1,3.735772,17289,4,0,0,0
270,or,0,0.901272,28651,2,0,0,0
271,at,0,1.253521,28587,2,0,0,0
272,nd,0,0.675916,12995,2,0,0,0
273,ou,0,1.537023,7895,2,0,0,0
274,▁c,1,3.174098,39369,4,0,0,0
275,it,0,0.965668,25053,2,0,0,0
276,es,0,0.460960,46251,2,0,0,0
277,▁f,1,3.412099,34672,4,0,0,0
278,is,0,0.901446,19515,2,0,0,0
279,en,0,0.877598,28312,2,0,0,0
280,ing,0,0.495423,70668,3,0,0,0
281,▁b,1,3.465565,27152,4,0,0,0
282,▁p,1,3.170568,40817,4,0,0,0
283,▁o,1,4.123743,9745,4,0,0,0
284,an,0,1.010938,26138,2,0,0,0
285,ed,0,0.487944,69820,2,0,0,0
286,al,0,0.825934,39902,2,0,0,0
287,▁to,1,1.569102,74830,5,0,0,0
288,▁m,1,3.279520,35517,4,0,0,0
289,ar,0,1.266703,31707,2,0,0,0
290,▁and,1,2.288195,70588,6,0,0,0
291,▁in,1,2.727061,51171,5,0,0,0
292,▁of,1,1.162109,66493,5,0,0,0
293,▁d,1,3.587631,28637,4,0,0,0
294,le,0,0.775088,28135,2,0,0,0
295,ic,0,0.565151,24335,2,0,0,0
296,as,0,1.346287,15357,2,0,0,0
297,om,0,0.904243,16346,2,0,0,0
298,▁h,1,3.624886,19522,4,0,0,0
299,ion,0,0.320870,15916,3,0,0,0
300,▁th,1,3.945007,12329,5,0,0,0
301,il,0,1.064467,13614,2,0,0,0
302,▁T,1,3.434269,15987,4,0,0,1
303,ent,0,0.712995,19135,3,0,0,0
304,▁l,1,3.373665,28878,4,0,0,0
305,ve,0,0.792329,9343,2,0,0,0
306,▁y,1,4.637636,2024,4,0,0,0
307,ro,0,1.135651,14772,2,0,0,0
308,st,0,1.020180,12922,2,0,0,0
309,▁I,1,2.511348,26713,4,0,0,1
310,▁e,1,3.739935,20037,4,0,0,0
311,▁re,1,3.676707,22630,5,0,0,0
312,▁n,1,3.949774,11444,4,0,0,0
313,▁S,1,2.992949,28577,4,0,0,1
314,▁g,1,3.674730,20534,4,0,0,0
315,et,0,0.846471,22966,2,0,0,0
316,ct,0,0.401202,9185,2,0,0,0
317,▁A,1,3.081214,25218,4,0,0,1
318,▁you,1,1.965004,16082,6,0,0,0
319,▁C,1,2.900974,23738,4,0,0,1
320,ly,0,0.566172,23591,2,0,0,0
321,▁for,1,2.765003,29111,6,0,0,0
322,id,0,0.794679,17617,2,0,0,0
323,▁is,1,1.967523,29533,5,0,0,0
324,ay,0,0.969952,13373,2,0,0,0
325,▁on,1,2.948290,21475,5,0,0,0
326,▁be,1,2.448825,23805,5,0,0,0
327,ot,0,1.067602,16285,2,0,0,0
328,ow,0,1.221860,10052,2,0,0,0
329,ol,0,1.341891,13963,2,0,0,0
330,am,0,0.996175,16621,2,0,0,0
331,ac,0,1.497136,7645,2,0,0,0
332,ig,0,1.436956,8047,2,0,0,0
333,us,0,1.180827,11499,2,0,0,0
334,el,0,0.991045,14922,2,0,0,0
335,ad,0,0.934910,18076,2,0,0,0
336,im,0,1.031351,15955,2,0,0,0
337,▁M,1,3.033372,25757,4,0,0,1
338,ver,0,0.743532,11393,3,0,0,0
339,ith,0,1.140106,1900,3,0,0,0
340,ut,0,0.993237,18185,2,0,0,0
341,▁st,1,3.817021,18726,5,0,0,0
342,ation,0,0.470870,14592,5,0,0,0
343,ur,0,1.349657,17151,2,0,0,0
344,▁P,1,3.155878,19720,4,0,0,1
345,▁with,1,2.685419,20776,7,0,0,0
346,▁that,1,2.479475,25691,7,0,0,0
347,ir,0,1.496767,9891,2,0,0,0
348,▁B,1,3.217676,20358,4,0,0,1
349,▁W,1,3.545138,13144,4,0,0,1
350,ch,0,0.711480,13760,2,0,0,0
351,ce,0,0.700249,11281,2,0,0,0
352,▁The,1,2.338377,19942,6,0,0,1
353,▁it,1,2.678586,17514,5,0,0,0
354,▁he,1,3.094677,12771,5,0,0,0
355,ill,0,1.239050,9004,3,0,0,0
356,ers,0,0.713343,15818,3,0,0,0
357,▁al,1,4.815845,5638,5,0,0,0
358,un,0,1.313843,12606,2,0,0,0
359,ul,0,1.193076,6349,2,0,0,0
360,▁an,1,3.815820,13455,5,0,0,0
361,▁D,1,3.461904,15092,4,0,0,1
362,▁H,1,3.509401,13451,4,0,0,1
363,▁F,1,3.413218,15154,4,0,0,1
364,ra,0,1.577887,12626,2,0,0,0
365,out,0,1.507554,4792,3,0,0,0
366,▁as,1,3.069026,15867,5,0,0,0
367,▁pro,1,3.888587,10934,6,0,0,0
368,▁wh,1,4.656415,3738,5,0,0,0
369,ke,0,1.015459,2640,2,0,0,0
370,▁are,1,2.113033,14981,6,0,0,0
371,se,0,0.831661,10709,2,0,0,0
372,ter,0,0.562363,10698,3,0,0,0
373,▁we,1,3.141042,10144,5,0,0,0
374,if,0,1.224862,5609,2,0,0,0
375,oo,0,2.062956,2778,2,0,0,0
376,ge,0,0.537195,6068,2,0,0,0
377,▁ha,1,4.272039,4609,5,0,0,0
378,our,0,1.155185,9087,3,0,0,0
379,▁R,1,3.451337,13202,4,0,0,1
380,pp,0,0.818448,7291,2,0,0,0
381,ate,0,0.606620,14570,3,0,0,0
382,ess,0,0.692480,9345,3,0,0,0
383,▁at,1,3.478570,13674,5,0,0,0
384,▁con,1,4.439623,7221,6,0,0,0
385,▁com,1,4.645123,4633,6,0,0,0
386,▁or,1,3.487056,14508,5,0,0,0
387,▁L,1,3.448794,13569,4,0,0,1
388,est,0,0.938746,12004,3,0,0,0
389,her,0,0.412326,6410,3,0,0,0
390,ore,0,1.318373,5524,3,0,0,0
391,ment,0,0.296144,10818,4,0,0,0
392,▁fr,1,4.290877,2798,5,0,0,0
393,ab,0,1.433141,6635,2,0,0,0
394,igh,0,1.730406,1352,3,0,0,0
395,▁-,1,2.307656,12362,4,1,0,0
396,▁ne,1,4.806719,4741,5,0,0,0
397,▁N,1,3.794383,10891,4,0,0,1
398,▁se,1,4.125915,9062,5,0,0,0
399,ort,0,1.256720,6417,3,0,0,0
400,▁G,1,3.579402,12751,4,0,0,1
401,ld,0,0.541301,4834,2,0,0,0
402,▁your,1,2.509159,7515,7,0,0,0
403,▁E,1,3.582579,12708,4,0,0,1
404,ist,0,0.963848,12854,3,0,0,0
405,ri,0,1.256134,13410,2,0,0,0
406,op,0,1.541488,6892,2,0,0,0
407,▁(,1,3.253001,15051,4,1,0,0
408,▁ex,1,4.237070,10078,5,0,0,0
409,ity,0,0.509150,9714,3,0,0,0
410,ure,0,0.559511,8870,3,0,0,0
411,em,0,1.187373,10521,2,0,0,0
412,▁O,1,3.592938,12055,4,0,0,1
413,▁v,1,3.985523,11411,4,0,0,0
414,qu,0,1.234186,6835,2,0,0,0
415,ant,0,0.779548,8998,3,0,0,0
416,art,0,1.231158,5128,3,0,0,0
417,ive,0,0.797175,9006,3,0,0,0
418,▁r,1,4.114444,10127,4,0,0,0
419,ust,0,1.203759,6560,3,0,0,0
420,▁was,1,2.314646,13816,6,0,0,0
421,um,0,1.188458,11427,2,0,0,0
422,▁have,1,2.554732,11077,7,0,0,0
423,pe,0,0.992336,5061,2,0,0,0
424,▁from,1,2.962647,10865,7,0,0,0
425,▁this,1,3.351861,11145,7,0,0,0
426,▁de,1,4.153970,9452,5,0,0,0
427,oc,0,1.460593,6141,2,0,0,0
428,▁sh,1,4.437265,6439,5,0,0,0
429,th,0,0.951801,8371,2,0,0,0
430,ain,0,0.812657,11015,3,0,0,0
431,ies,0,0.622820,7510,3,0,0,0
432,▁can,1,2.799360,8468,6,0,0,0
433,up,0,1.684383,3555,2,0,0,0
434,▁will,1,2.790666,8701,7,0,0,0
435,▁ch,1,3.979211,9270,5,0,0,0
436,and,0,1.268371,9996,3,0,0,0
437,▁by,1,2.543763,11055,5,0,0,0
438,os,0,1.288138,8308,2,0,0,0
439,ight,0,1.039597,8003,4,0,0,0
440,nt,0,1.275194,2478,2,0,0,0
441,ie,0,1.042755,6600,2,0,0,0
442,▁us,1,3.638290,6512,5,0,0,0
443,ome,0,1.097259,2995,3,0,0,0
444,all,0,1.230750,10094,3,0,0,0
445,ard,0,0.859142,7302,3,0,0,0
446,▁not,1,3.010106,11218,6,0,0,0
447,ud,0,1.719905,3937,2,0,0,0
448,res,0,1.334377,5276,3,0,0,0
449,▁le,1,3.980798,9285,5,0,0,0
450,▁J,1,3.452009,10246,4,0,0,1
451,ast,0,1.348706,6490,3,0,0,0
452,▁pl,1,4.231264,5722,5,0,0,0
453,ost,0,1.457592,6066,3,0,0,0
454,▁su,1,4.419624,8813,5,0,0,0
455,▁ab,1,4.402876,2935,5,0,0,0
456,iv,0,1.056341,8671,2,0,0,0
457,ear,0,1.302087,3360,3,0,0,0
458,▁wor,1,3.840575,2952,6,0,0,0
459,ide,0,0.842101,7428,3,0,0,0
460,ack,0,1.384986,5481,3,0,0,0
461,ial,0,0.375977,5642,3,0,0,0
462,rou,0,1.427520,2145,3,0,0,0
463,▁all,1,4.202062,8251,6,0,0,0
464,gh,0,0.378021,1337,2,0,0,0
465,ell,0,1.527892,5463,3,0,0,0
466,od,0,1.260480,8249,2,0,0,0
467,ak,0,1.235273,5436,2,0,0,0
468,te,0,1.036663,8081,2,0,0,0
469,ine,0,0.962544,5881,3,0,0,0
470,ould,0,2.548955,366,4,0,0,0
471,▁j,1,4.531895,4290,4,0,0,0
472,ag,0,1.369531,7360,2,0,0,0
473,red,0,0.523760,7672,3,0,0,0
474,▁has,1,2.965945,7486,6,0,0,0
475,..,0,3.550485,1262,2,1,0,0
476,ice,0,0.597954,6838,3,0,0,0
477,▁Th,1,4.344638,3779,5,0,0,1
478,▁U,1,3.914231,5491,4,0,0,1
479,age,0,0.662208,6038,3,0,0,0
480,▁do,1,3.566478,7731,5,0,0,0
481,▁k,1,4.602488,3735,4,0,0,0
482,fe,0,0.744749,4867,2,0,0,0
483,ook,0,1.124605,3865,3,0,0,0
484,▁ad,1,4.808810,3891,5,0,0,0
485,per,0,0.878248,4129,3,0,0,0
486,▁In,1,3.621993,6947,5,0,0,1
487,ip,0,1.144503,4760,2,0,0,0
488,▁comp,1,4.298366,6649,7,0,0,0
489,ake,0,1.795113,1769,3,0,0,0
490,▁out,1,3.204795,6655,6,0,0,0
491,ally,0,0.594561,6932,4,0,0,0
492,ions,0,0.490769,6382,4,0,0,0
493,▁up,1,2.989050,6606,5,0,0,0
494,are,0,1.092385,6161,3,0,0,0
495,▁but,1,2.750753,7540,6,0,0,0
496,▁me,1,3.226166,6983,5,0,0,0
497,▁whe,1,4.648913,851,6,0,0,0
498,pt,0,0.420998,6625,2,0,0,0
499,ry,0,0.916577,6398,2,0,0,0
500,▁our,1,3.397026,4536,6,0,0,0
501,able,0,0.729673,5661,4,0,0,0
502,▁“,1,2.627273,6996,6,0,0,0
503,one,0,1.185923,6214,3,0,0,0
504,ind,0,1.249265,4407,3,0,0,0
505,og,0,1.288640,3996,2,0,0,0
506,▁en,1,4.262653,5597,5,0,0,0
507,▁more,1,3.494029,5962,7,0,0,0
508,ail,0,0.891743,5149,3,0,0,0
509,ite,0,0.634613,5566,3,0,0,0
510,ther,0,0.631143,2099,4,0,0,0
511,▁their,1,3.170904,5834,8,0,0,0
512,▁Y,1,3.609237,3369,4,0,0,1
513,ich,0,1.966251,1746,3,0,0,0
514,ime,0,0.977939,1607,3,0,0,0
515,very,0,1.226650,1001,4,0,0,0
516,cc,0,1.432787,2448,2,0,0,0
517,▁so,1,4.333250,5949,5,0,0,0
518,▁cl,1,4.473855,5767,5,0,0,0
519,ood,0,1.224588,3578,3,0,0,0
520,ong,0,0.968551,4011,3,0,0,0
521,ated,0,0.551538,6103,4,0,0,0
522,▁K,1,3.839585,6377,4,0,0,1
523,▁my,1,3.140183,5420,5,0,0,0
524,▁sa,1,4.867806,2041,5,0,0,0
525,for,0,1.689525,1249,3,0,0,0
526,ame,0,0.809545,6450,3,0,0,0
527,iz,0,0.963885,5278,2,0,0,0
528,ber,0,0.388214,6072,3,0,0,0
529,▁they,1,2.701135,6362,7,0,0,0
530,▁St,1,3.360151,5764,5,0,0,1
531,ace,0,0.721094,5383,3,0,0,0
532,▁te,1,3.982772,5303,5,0,0,0
533,▁one,1,4.251431,5885,6,0,0,0
534,so,0,1.273569,1056,2,0,0,0
535,ous,0,0.966376,2659,3,0,0,0
536,ans,0,0.795333,5832,3,0,0,0
537,act,0,0.955099,5243,3,0,0,0
538,pl,0,1.248330,6031,2,0,0,0
539,▁about,1,2.757231,5608,8,0,0,0
540,ike,0,1.499454,1190,3,0,0,0
541,du,0,1.001997,2462,2,0,0,0
542,▁cont,1,4.450721,5250,7,0,0,0
543,ase,0,0.991885,3645,3,0,0,0
544,▁V,1,4.167177,5002,4,0,0,1
545,▁im,1,4.459949,3060,5,0,0,0
546,ick,0,1.537994,5015,3,0,0,0
547,ia,0,0.637129,4972,2,0,0,0
548,▁work,1,4.265673,4081,7,0,0,0
549,▁inc,1,4.727486,2265,6,0,0,0
550,ign,0,1.440822,3158,3,0,0,0
551,ance,0,0.475383,4879,4,0,0,0
552,▁un,1,4.611721,5476,5,0,0,0
553,ire,0,1.184990,4837,3,0,0,0
554,▁off,1,3.917362,4768,6,0,0,0
555,ree,0,1.062194,5086,3,0,0,0
556,▁who,1,2.933999,5619,6,0,0,0
557,▁fe,1,4.030879,4456,5,0,0,0
558,▁man,1,4.615603,2773,6,0,0,0
559,ue,0,0.699762,5216,2,0,0,0
560,ach,0,1.048231,4716,3,0,0,0
561,▁tr,1,4.668114,4809,5,0,0,0
562,reat,0,1.804831,2237,4,0,0,0
563,ub,0,1.657799,5200,2,0,0,0
564,▁It,1,3.379343,4616,5,0,0,1
565,ll,0,1.397009,4841,2,0,0,0
566,▁go,1,3.984892,5449,5,0,0,0
567,ction,0,0.489341,4727,5,0,0,0
568,ne,0,1.271518,4622,2,0,0,0
569,▁new,1,3.980261,4334,6,0,0,0
570,▁year,1,2.125040,2386,7,0,0,0
571,▁app,1,4.527278,4625,6,0,0,0
572,ult,0,1.085396,4749,3,0,0,0
573,▁his,1,2.771992,6728,6,0,0,0
574,ib,0,1.266829,2817,2,0,0,0
575,ays,0,0.599221,4671,3,0,0,0
576,"▁""",1,2.985848,8707,4,1,0,0
577,▁Ch,1,4.156707,4527,5,0,0,1
578,erv,0,1.058381,2029,3,0,0,0
579,▁We,1,3.589787,4115,5,0,0,1
580,und,0,1.826333,2333,3,0,0,0
581,▁res,1,4.190735,4919,6,0,0,0
582,ap,0,1.579394,5429,2,0,0,0
583,ass,0,1.512630,4734,3,0,0,0
584,ark,0,1.391241,4363,3,0,0,0
585,ep,0,0.876700,4919,2,0,0,0
586,ff,0,0.885783,4967,2,0,0,0
587,▁qu,1,4.548108,4605,5,0,0,0
588,ations,0,0.697444,4539,6,0,0,0
589,ary,0,0.511815,5115,3,0,0,0
590,▁per,1,4.069733,4734,6,0,0,0
591,▁also,1,3.783970,4107,7,0,0,0
592,▁sp,1,4.862629,4294,5,0,0,0
593,ile,0,0.751032,4487,3,0,0,0
594,ove,0,1.235978,4155,3,0,0,0
595,▁int,1,5.823813,1341,6,0,0,0
596,▁which,1,3.364252,5020,8,0,0,0
597,▁time,1,2.436984,4238,7,0,0,0
598,ven,0,1.288895,2448,3,0,0,0
599,form,0,0.978878,2129,4,0,0,0
600,▁get,1,3.895917,4172,6,0,0,0
601,ount,0,1.017699,4388,4,0,0,0
602,own,0,0.610761,2326,3,0,0,0
603,▁like,1,3.454916,4535,7,0,0,0
604,▁some,1,4.488652,4502,7,0,0,0
605,▁other,1,3.429109,4748,8,0,0,0
606,ond,0,0.868803,4557,3,0,0,0
607,ings,0,0.869813,3943,4,0,0,0
608,ents,0,0.395459,3853,4,0,0,0
609,vel,0,0.689777,2290,3,0,0,0
610,▁any,1,3.604517,4831,6,0,0,0
611,ical,0,0.598450,4055,4,0,0,0
612,ence,0,0.462256,2521,4,0,0,0
613,▁part,1,4.302117,4169,7,0,0,0
614,av,0,1.721967,4134,2,0,0,0
615,▁been,1,1.522621,4223,7,0,0,0
616,▁dis,1,4.391940,4757,6,0,0,0
617,▁This,1,3.760354,3480,7,0,0,1
618,▁over,1,4.576146,4220,7,0,0,0
619,ition,0,0.341741,3838,5,0,0,0
620,ress,0,0.953535,3972,4,0,0,0
621,ors,0,0.894274,3780,3,0,0,0
622,▁rec,1,4.606420,4335,6,0,0,0
623,▁them,1,2.959115,4001,7,0,0,0
624,ck,0,0.738761,3821,2,0,0,0
625,▁He,1,3.308160,4172,5,0,0,1
626,▁ar,1,4.362289,3977,5,0,0,0
627,▁sc,1,4.658559,4173,5,0,0,0
628,ild,0,0.796217,3247,3,0,0,0
629,▁pe,1,5.568503,801,5,0,0,0
630,ink,0,1.008140,3887,3,0,0,0
631,port,0,0.862084,3858,4,0,0,0
632,▁ag,1,3.727889,4687,5,0,0,0
633,low,0,1.815498,1728,3,0,0,0
634,▁ro,1,4.172730,3570,5,0,0,0
635,▁her,1,2.464722,4496,6,0,0,0
636,▁when,1,4.411202,3908,7,0,0,0
637,ound,0,1.504063,3754,4,0,0,0
638,ose,0,0.907014,4139,3,0,0,0
639,▁kn,1,5.366171,894,5,0,0,0
640,mer,0,1.067294,3928,3,0,0,0
641,int,0,1.584808,1305,3,0,0,0
642,ord,0,0.850355,4202,3,0,0,0
643,oy,0,0.920933,3462,2,0,0,0
644,ish,0,0.920736,3684,3,0,0,0
645,ob,0,1.516458,3652,2,0,0,0
646,irst,0,2.348413,529,4,0,0,0
647,▁need,1,3.665480,2869,7,0,0,0
648,▁said,1,1.773720,4941,7,0,0,0
649,ens,0,1.268558,3779,3,0,0,0
650,ough,0,0.925330,3997,4,0,0,0
651,▁pr,1,4.730740,3260,5,0,0,0
652,ov,0,1.436235,3671,2,0,0,0
653,▁pre,1,5.321077,3636,6,0,0,0
654,▁just,1,4.835969,4104,7,0,0,0
655,ru,0,1.284740,3423,2,0,0,0
656,▁spe,1,5.004522,3539,6,0,0,0
657,wn,0,0.647195,1619,2,0,0,0
658,▁acc,1,4.416779,3398,6,0,0,0
659,▁what,1,3.670929,3950,7,0,0,0
660,ren,0,0.756807,3543,3,0,0,0
661,▁there,1,3.991227,4098,8,0,0,0
662,▁if,1,3.695346,4052,5,0,0,0
663,▁Re,1,4.301954,3183,5,0,0,1
664,▁than,1,1.620111,3892,7,0,0,0
665,▁its,1,3.612674,3816,6,0,0,0
666,day,0,0.644161,3128,3,0,0,0
667,vers,0,0.841468,3475,4,0,0,0
668,▁would,1,3.333217,4513,8,0,0,0
669,fter,0,1.958456,959,4,0,0,0
670,▁had,1,3.329025,4519,6,0,0,0
671,ater,0,1.263032,3011,4,0,0,0
672,ade,0,1.385819,1406,3,0,0,0
673,ning,0,0.433047,3083,4,0,0,0
674,lud,0,1.000280,538,3,0,0,0
675,▁were,1,2.513198,4302,7,0,0,0
676,▁am,1,4.304988,3137,5,0,0,0
677,lp,0,2.384282,117,2,0,0,0
678,▁–,1,4.344744,1961,6,0,0,0
679,rough,0,1.908858,587,5,0,0,0
680,▁into,1,2.913054,3514,7,0,0,0
681,old,0,1.667507,3202,3,0,0,0
682,▁des,1,5.653215,1588,6,0,0,0
683,ory,0,0.587896,3536,3,0,0,0
684,ople,0,0.390021,278,4,0,0,0
685,itt,0,1.462437,3517,3,0,0,0
686,ang,0,1.638495,3328,3,0,0,0
687,▁tw,1,6.371100,616,5,0,0,0
688,▁how,1,3.417213,2993,6,0,0,0
689,▁help,1,3.958217,2165,7,0,0,0
690,use,0,1.723171,689,3,0,0,0
691,anc,0,1.082012,2997,3,0,0,0
692,lic,0,0.462554,3309,3,0,0,0
693,ool,0,2.322245,1014,3,0,0,0
694,▁bec,1,4.896754,1335,6,0,0,0
695,▁first,1,3.920411,3280,8,0,0,0
696,▁add,1,4.396090,2788,6,0,0,0
697,ks,0,0.583556,2944,2,0,0,0
698,▁make,1,4.045151,2572,7,0,0,0
699,▁comm,1,4.522463,2996,7,0,0,0
700,amp,0,1.334250,3029,3,0,0,0
701,ons,0,1.058017,3354,3,0,0,0
702,...,0,3.955335,3982,3,1,0,0
703,hed,0,0.340050,3154,3,0,0,0
704,▁Wh,1,4.275170,2827,5,0,0,1
705,▁prov,1,4.515626,2604,7,0,0,0
706,▁look,1,4.379157,2680,7,0,0,0
707,ft,0,0.681669,3053,2,0,0,0
708,▁You,1,3.743353,2378,6,0,0,1
709,▁people,1,3.630602,2881,9,0,0,0
710,▁includ,1,3.653552,2673,9,0,0,0
711,ual,0,0.563217,2885,3,0,0,0
712,les,0,0.724858,2795,3,0,0,0
713,▁bl,1,4.775692,2911,5,0,0,0
714,▁serv,1,3.671955,2287,7,0,0,0
715,gr,0,1.006020,2803,2,0,0,0
716,ian,0,0.938214,3116,3,0,0,0
717,▁col,1,4.656225,2501,6,0,0,0
718,ments,0,0.638520,2815,5,0,0,0
719,ful,0,0.654958,2495,3,0,0,0
720,▁know,1,3.296150,2721,7,0,0,0
721,▁produ,1,4.384308,2311,8,0,0,0
722,iew,0,0.524431,2899,3,0,0,0
723,ates,0,0.792877,3033,4,0,0,0
724,▁Ne,1,5.573223,762,5,0,0,1
725,ious,0,0.333403,2921,4,0,0,0
726,rent,0,0.239498,2632,4,0,0,0
727,▁em,1,4.569843,2519,5,0,0,0
728,tern,0,1.030491,2642,4,0,0,0
729,▁she,1,2.669301,3298,6,0,0,0
730,round,0,1.145164,2705,5,0,0,0
731,▁every,1,4.946602,2514,8,0,0,0
732,▁through,1,4.359117,2400,10,0,0,0
733,▁may,1,3.916158,2874,6,0,0,0
734,▁no,1,4.042848,3320,5,0,0,0
735,ating,0,1.137123,2319,5,0,0,0
736,▁only,1,4.682214,3060,7,0,0,0
737,▁back,1,4.056971,3007,7,0,0,0
738,pport,0,0.670024,2201,5,0,0,0
739,▁most,1,4.459969,2579,7,0,0,0
740,▁bu,1,4.899792,2323,5,0,0,0
741,▁want,1,3.339021,2431,7,0,0,0
742,ict,0,0.981487,2866,3,0,0,0
743,ect,0,1.244916,331,3,0,0,0
744,▁As,1,4.433898,2550,5,0,0,1
745,ices,0,0.573168,2227,4,0,0,0
746,▁If,1,3.833741,2375,5,0,0,1
747,▁well,1,3.084915,2312,7,0,0,0
748,▁see,1,3.644831,2774,6,0,0,0
749,we,0,1.284559,2696,2,0,0,0
750,▁ph,1,4.558081,2223,5,0,0,0
751,ities,0,0.661159,2358,5,0,0,0
752,▁bet,1,4.058805,2711,6,0,0,0
753,▁ind,1,4.834162,2651,6,0,0,0
754,ise,0,0.720371,2473,3,0,0,0
755,▁use,1,3.885623,2440,6,0,0,0
756,▁two,1,4.368657,3101,6,0,0,0
757,xt,0,0.695112,2405,2,0,0,0
758,com,0,1.162089,2479,3,0,0,0
759,ont,0,1.332921,2694,3,0,0,0
760,▁act,1,5.217815,2607,6,0,0,0
761,▁und,1,7.300380,301,6,0,0,0
762,iss,0,1.348477,2989,3,0,0,0
763,iness,0,0.709170,575,5,0,0,0
764,lect,0,1.120929,2312,4,0,0,0
765,▁after,1,4.428555,2692,8,0,0,0
766,▁Se,1,4.473324,2829,5,0,0,1
767,ause,0,1.206478,799,4,0,0,0
768,ife,0,0.949170,2121,3,0,0,0
769,ph,0,0.799889,2367,2,0,0,0
770,▁play,1,4.194037,2819,7,0,0,0
771,fect,0,0.381532,2252,4,0,0,0
772,▁|,1,2.010914,2552,4,1,0,0
773,▁co,1,4.997337,2265,5,0,0,0
774,oth,0,1.377570,2523,3,0,0,0
775,▁&,1,3.914054,1662,4,1,0,0
776,row,0,1.342137,2443,3,0,0,0
777,ily,0,0.553249,2323,3,0,0,0
778,enc,0,0.552070,2330,3,0,0,0
779,ock,0,1.896270,2416,3,0,0,0
780,▁exper,1,4.333080,1593,8,0,0,0
781,ject,0,0.895021,2312,4,0,0,0
782,▁cons,1,5.284745,2603,7,0,0,0
783,hen,0,1.215037,2161,3,0,0,0
784,urn,0,1.420423,2428,3,0,0,0
785,▁fl,1,4.857768,2286,5,0,0,0
786,▁years,1,1.629584,2225,8,0,0,0
787,ert,0,1.648962,2226,3,0,0,0
788,als,0,1.029160,2403,3,0,0,0
789,▁tra,1,4.746025,2135,6,0,0,0
790,▁these,1,4.308068,2431,8,0,0,0
791,ting,0,0.706824,2127,4,0,0,0
792,cial,0,0.342988,2010,4,0,0,0
793,▁$,1,2.419461,2259,4,1,0,0
794,aw,0,1.523515,2407,2,0,0,0
795,▁Com,1,4.076147,2420,6,0,0,1
796,▁An,1,4.599878,2311,5,0,0,1
797,▁bus,1,5.461070,318,6,0,0,0
798,▁Un,1,3.477442,2613,5,0,0,1
799,▁For,1,4.479926,2194,6,0,0,1
800,▁stud,1,3.509485,2183,7,0,0,0
801,ange,0,0.798150,2067,4,0,0,0
802,▁good,1,4.260929,2191,7,0,0,0
803,any,0,0.882359,2095,3,0,0,0
804,bs,0,1.175099,2134,2,0,0,0
805,vent,0,1.298115,2158,4,0,0,0
806,ures,0,0.521375,1993,4,0,0,0
807,aking,0,1.440552,1993,5,0,0,0
808,ational,0,0.952045,2483,7,0,0,0
809,ased,0,0.659959,2049,4,0,0,0
810,▁ke,1,5.034563,2252,5,0,0,0
811,ific,0,0.463696,2293,4,0,0,0
812,▁now,1,4.576002,2367,6,0,0,0
813,▁Pro,1,4.301798,2147,6,0,0,1
814,▁under,1,5.250607,2466,8,0,0,0
815,fore,0,0.624259,2484,4,0,0,0
816,▁very,1,4.717577,2317,7,0,0,0
817,▁many,1,4.260378,2010,7,0,0,0
818,▁sm,1,4.909303,2245,5,0,0,0
819,▁reg,1,5.022643,2364,6,0,0,0
820,hing,0,0.503925,2665,4,0,0,0
821,ward,0,1.552730,2073,4,0,0,0
822,▁imp,1,4.787656,2198,6,0,0,0
823,get,0,0.843352,1944,3,0,0,0
824,oint,0,1.032648,2593,4,0,0,0
825,▁way,1,2.547738,2193,6,0,0,0
826,▁dif,1,4.303943,2190,6,0,0,0
827,erson,0,1.605186,2167,5,0,0,0
828,▁start,1,4.971540,1973,8,0,0,0
829,ience,0,0.444331,1744,5,0,0,0
830,ts,0,1.000792,2040,2,0,0,0
831,pect,0,0.650871,2228,4,0,0,0
832,▁wee,1,2.635530,2068,6,0,0,0
833,▁fin,1,4.895538,2082,6,0,0,0
834,▁De,1,4.467928,2231,5,0,0,1
835,▁great,1,4.481816,2021,8,0,0,0
836,▁And,1,4.085173,2632,6,0,0,1
837,▁rel,1,5.125861,2265,6,0,0,0
838,uring,0,0.966496,2036,5,0,0,0
839,yst,0,2.005161,268,3,0,0,0
840,formation,0,1.896392,325,9,0,0,0
841,▁gu,1,4.567950,2191,5,0,0,0
842,▁could,1,3.859636,2705,8,0,0,0
843,ility,0,0.280427,1968,5,0,0,0
844,▁rem,1,5.325862,2194,6,0,0,0
845,ible,0,0.440125,2146,4,0,0,0
846,▁dec,1,4.913167,2132,6,0,0,0
847,oss,0,1.723403,2198,3,0,0,0
848,uch,0,3.306284,320,3,0,0,0
849,▁even,1,5.264493,2342,7,0,0,0
850,hip,0,0.374079,1875,3,0,0,0
851,ty,0,0.643214,2158,2,0,0,0
852,▁inv,1,4.957260,2081,6,0,0,0
853,).,0,1.648223,2903,2,1,0,0
854,ics,0,0.836822,2035,3,0,0,0
855,▁loc,1,4.857167,1724,6,0,0,0
856,rit,0,1.680520,2012,3,0,0,0
857,ract,0,1.463972,1757,4,0,0,0
858,▁sec,1,4.450656,2234,6,0,0,0
859,▁day,1,2.963709,1748,6,0,0,0
860,▁own,1,3.229131,1829,6,0,0,0
861,cess,0,0.857977,2018,4,0,0,0
862,velop,0,0.614355,1839,5,0,0,0
863,▁where,1,4.406916,2331,8,0,0,0
864,▁show,1,4.597923,1920,7,0,0,0
865,ork,0,0.593817,1987,3,0,0,0
866,ident,0,0.853156,2217,5,0,0,0
867,elf,0,0.928470,2070,3,0,0,0
868,alth,0,0.510752,1665,4,0,0,0
869,hes,0,0.482949,2089,3,0,0,0
870,its,0,1.193336,1809,3,0,0,0
871,▁high,1,5.389740,1706,7,0,0,0
872,▁find,1,4.123788,1725,7,0,0,0
873,air,0,1.744040,1910,3,0,0,0
874,ull,0,2.385828,1984,3,0,0,0
875,nds,0,0.699563,1847,3,0,0,0
876,▁don,1,3.798151,2236,6,0,0,0
877,olog,0,0.560895,2054,4,0,0,0
878,▁home,1,4.024458,1369,7,0,0,0
879,▁ass,1,4.935360,2024,6,0,0,0
880,▁should,1,3.916288,2376,9,0,0,0
881,ath,0,1.474804,2213,3,0,0,0
882,line,0,1.254066,1488,4,0,0,0
883,▁here,1,4.332498,1930,7,0,0,0
884,▁ent,1,5.359726,2073,6,0,0,0
885,▁down,1,3.672125,2158,7,0,0,0
886,▁best,1,3.583830,1543,7,0,0,0
887,▁then,1,4.002239,2479,7,0,0,0
888,lease,0,1.098419,1466,5,0,0,0
889,▁Sh,1,4.852268,1756,5,0,0,1
890,ble,0,0.640019,2208,3,0,0,0
891,ied,0,0.692366,2372,3,0,0,0
892,ular,0,0.398864,1950,4,0,0,0
893,▁br,1,5.558781,1854,5,0,0,0
894,▁Al,1,4.817659,2168,5,0,0,1
895,▁right,1,3.902890,2154,8,0,0,0
896,The,0,2.580629,1911,3,0,0,1
897,arch,0,0.961728,1937,4,0,0,0
898,chool,0,0.775238,1943,5,0,0,0
899,||,0,0.790391,1758,2,1,0,0
900,▁ac,1,5.275914,1814,5,0,0,0
901,▁set,1,5.416568,1845,6,0,0,0
902,ited,0,0.493631,2109,4,0,0,0
903,▁car,1,4.772963,1711,6,0,0,0
904,▁New,1,4.426235,2116,6,0,0,1
905,▁read,1,4.749958,1688,7,0,0,0
906,▁av,1,3.980381,1578,5,0,0,0
907,▁mon,1,3.853564,1725,6,0,0,0
908,▁min,1,3.864299,1785,6,0,0,0
909,▁take,1,4.493049,1749,7,0,0,0
910,gan,0,0.727062,1784,3,0,0,0
911,erm,0,1.182079,2433,3,0,0,0
912,▁business,1,4.252708,1315,11,0,0,0
913,▁fam,1,4.204167,1537,6,0,0,0
914,ix,0,2.042011,2009,2,0,0,0
915,ner,0,0.960685,1916,3,0,0,0
916,▁ins,1,5.367272,1634,6,0,0,0
917,▁inst,1,5.287315,1819,7,0,0,0
918,▁att,1,4.929207,2033,6,0,0,0
919,▁design,1,4.815433,1140,9,0,0,0
920,▁too,1,5.007547,2161,6,0,0,0
921,ystem,0,1.063667,1786,5,0,0,0
922,ys,0,0.982344,2058,2,0,0,0
923,.”,0,2.150474,2170,4,0,0,0
924,▁che,1,4.927683,1544,6,0,0,0
925,▁much,1,3.571494,1850,7,0,0,0
926,▁long,1,4.211904,1846,7,0,0,0
927,io,0,0.787881,1975,2,0,0,0
928,ative,0,0.803273,1936,5,0,0,0
929,▁Be,1,4.858711,1767,5,0,0,1
930,▁information,1,2.795453,1918,14,0,0,0
931,▁Cl,1,4.654277,1761,5,0,0,1
932,▁made,1,4.459627,1948,7,0,0,0
933,▁last,1,4.720006,1988,7,0,0,0
934,ollow,0,1.533527,1650,5,0,0,0
935,ason,0,0.819555,2171,4,0,0,0
936,other,0,1.513853,1999,5,0,0,0
937,ues,0,0.718433,1780,3,0,0,0
938,▁because,1,4.550478,2223,10,0,0,0
939,▁,1,1.991192,85700,3,0,0,0
940,e,0,0.800255,50858,1,0,0,0
941,t,0,0.706033,47218,1,0,0,0
942,a,0,1.099832,46552,1,0,0,0
943,o,0,1.151236,38916,1,0,0,0
944,i,0,0.990378,37622,1,0,0,0
945,n,0,0.902249,36016,1,0,0,0
946,s,0,0.563295,115893,1,0,0,0
947,r,0,1.109946,38724,1,0,0,0
948,h,0,0.882114,27397,1,0,0,0
949,l,0,1.043281,36635,1,0,0,0
950,d,0,0.928249,22329,1,0,0,0
951,c,0,0.881582,39978,1,0,0,0
952,u,0,1.126088,24668,1,0,0,0
953,m,0,0.856792,35226,1,0,0,0
954,p,0,0.952461,35873,1,0,0,0
955,g,0,0.750887,30079,1,0,0,0
956,f,0,1.147223,22967,1,0,0,0
957,y,0,0.707592,50221,1,0,0,0
958,w,0,1.131804,20901,1,0,0,0
959,b,0,1.003592,30133,1,0,0,0
960,.,0,1.188639,143086,1,1,0,0
961,v,0,0.904420,18866,1,0,0,0
962,",",0,1.535933,141449,1,1,0,0
963,k,0,0.805812,18747,1,0,0,0
964,T,0,1.500814,10157,1,0,0,1
965,S,0,1.385424,13687,1,0,0,1
966,I,0,1.512485,11576,1,0,0,1
967,A,0,1.494218,13009,1,0,0,1
968,-,0,1.815209,32384,1,1,0,0
969,C,0,1.591440,9292,1,0,0,1
970,0,0,0.818596,38397,1,0,1,0
971,M,0,1.695570,7156,1,0,0,1
972,1,0,1.201852,37031,1,0,1,0
973,P,0,1.830378,6735,1,0,0,1
974,x,0,0.815728,9678,1,0,0,0
975,B,0,2.255529,4777,1,0,0,1
976,2,0,1.342534,29350,1,0,1,0
977,W,0,2.363631,3895,1,0,0,1
978,D,0,1.595786,6822,1,0,0,1
979,R,0,1.470118,8386,1,0,0,1
980,E,0,1.224833,11779,1,0,0,1
981,H,0,2.145591,4390,1,0,0,1
982,F,0,2.166887,4182,1,0,0,1
983,’,0,1.465366,16473,3,0,0,0
984,L,0,1.634802,6490,1,0,0,1
985,N,0,1.397423,8007,1,0,0,1
986,O,0,1.602860,8662,1,0,0,1
987,:,0,1.792089,16495,1,1,0,0
988,',0,1.619914,26036,1,1,0,0
989,G,0,1.986351,3526,1,0,0,1
990,j,0,1.398633,4492,1,0,0,0
991,),0,0.815136,13241,1,1,0,0
992,(,0,4.657795,748,1,1,0,0
993,z,0,0.938542,7240,1,0,0,0
994,3,0,1.971851,14971,1,0,1,0
995,5,0,2.111951,13095,1,0,1,0
996,q,0,1.197518,529,1,0,0,0
997,U,0,2.029773,3479,1,0,0,1
998,4,0,2.150288,11995,1,0,1,0
999,"""",0,1.003818,9108,1,1,0,0
1000,9,0,1.528667,12602,1,0,1,0
1001,J,0,3.196329,1258,1,0,0,1
1002,8,0,2.151479,9938,1,0,1,0
1003,6,0,2.264958,9371,1,0,1,0
1004,V,0,1.894717,2949,1,0,0,1
1005,Y,0,1.848483,2422,1,0,0,1
1006,K,0,2.345473,1864,1,0,0,1
1007,|,0,1.558686,1836,1,1,0,0
1008,7,0,2.314560,8548,1,0,1,0
1009,!,0,2.883790,5996,1,1,0,0
1010,/,0,2.155487,7686,1,1,0,0
1011,“,0,4.018893,139,3,0,0,0
1012,”,0,0.962612,4829,3,0,0,0
1013,?,0,1.737041,6924,1,1,0,0
1014,–,0,4.576611,371,3,0,0,0
1015,;,0,3.286813,4730,1,1,0,0
1016,&,0,3.036330,366,1,1,0,0
1017,$,0,1.951678,334,1,1,0,0
1018,Q,0,2.101626,1828,1,0,0,1
1019,%,0,1.171137,1336,1,1,0,0
1020,—,0,2.565334,2166,3,0,0,0
1021,X,0,2.357373,1574,1,0,0,1
1022,Z,0,2.055120,1356,1,0,0,1
1023,*,0,2.160335,1257,1,1,0,0
